Age,StudyHours,Attendance(%),Marks
200.0,180.0,177.0,197.0
20.955,3.971111111111111,68.06214689265536,73.72081218274111
2.53477819592022,2.3090419520200802,17.06143917517804,25.432548311616515
17.0,0.0,40.0,25.0
19.0,2.1750000000000003,53.0,55.0
21.0,4.0,66.0,72.0
23.0,6.0,83.0,95.0
25.0,8.0,100.0,131.0
